model_name,encoder,condition,mAP,mAUC,micro_f1_t20,top1_hit
ResNet-18 Baseline,resnet18,clean,0.5007,0.8888,0.5877,0.7419
ResNet-18 Baseline,resnet18,snr_10,0.391,0.8415,0.4182,0.5213
ResNet-18 Baseline,resnet18,snr_5,0.3436,0.8123,0.3621,0.4578
ResNet-18 Baseline,resnet18,snr_0,0.2847,0.7754,0.3012,0.3795
ResNet-18 Baseline,resnet18,snr_neg5,0.2197,0.7289,0.2385,0.3021
ResNet-34 Baseline,resnet34,clean,0.4949,0.8935,0.5796,0.739
ResNet-34 Baseline,resnet34,snr_10,0.3918,0.8473,0.422,0.5269
ResNet-34 Baseline,resnet34,snr_5,0.3475,0.8201,0.3696,0.4625
ResNet-34 Baseline,resnet34,snr_0,0.2883,0.7836,0.3084,0.385
ResNet-34 Baseline,resnet34,snr_neg5,0.2251,0.7365,0.2443,0.3098
EfficientNet-B0 Baseline,efficientnet_b0,clean,0.5233,0.8894,0.5905,0.7549
EfficientNet-B0 Baseline,efficientnet_b0,snr_10,0.4231,0.8521,0.4487,0.5842
EfficientNet-B0 Baseline,efficientnet_b0,snr_5,0.3793,0.8284,0.4011,0.5241
EfficientNet-B0 Baseline,efficientnet_b0,snr_0,0.322,0.7963,0.3429,0.4485
EfficientNet-B0 Baseline,efficientnet_b0,snr_neg5,0.2562,0.7512,0.2789,0.3684
EfficientNet-B4 Baseline,efficientnet_b4,clean,0.5396,0.8821,0.6114,0.7618
EfficientNet-B4 Baseline,efficientnet_b4,snr_10,0.4409,0.8465,0.4695,0.6074
EfficientNet-B4 Baseline,efficientnet_b4,snr_5,0.3964,0.8219,0.4218,0.5489
EfficientNet-B4 Baseline,efficientnet_b4,snr_0,0.3343,0.7884,0.3582,0.4678
EfficientNet-B4 Baseline,efficientnet_b4,snr_neg5,0.2613,0.742,0.2876,0.3812
ViT-Tiny (CLS+DIST),ast,clean,0.5068,0.9106,0.5944,0.7482
ViT-Tiny (CLS+DIST),ast,snr_10,0.3671,0.8542,0.4089,0.5342
ViT-Tiny (CLS+DIST),ast,snr_5,0.3196,0.831,0.3512,0.4719
ViT-Tiny (CLS+DIST),ast,snr_0,0.2628,0.7985,0.2874,0.3921
ViT-Tiny (CLS+DIST),ast,snr_neg5,0.204,0.7521,0.2215,0.3142
Proposed Robust ViT-Tiny (+DSP),ast,clean,0.5307,0.9059,0.6102,0.77
Proposed Robust ViT-Tiny (+DSP),ast,snr_10,0.4673,0.8819,0.5331,0.6812
Proposed Robust ViT-Tiny (+DSP),ast,snr_5,0.4275,0.8675,0.4898,0.6245
Proposed Robust ViT-Tiny (+DSP),ast,snr_0,0.371,0.841,0.4262,0.5427
Proposed Robust ViT-Tiny (+DSP),ast,snr_neg5,0.3037,0.801,0.3494,0.4545
ViT-Small (CLS+DIST),ast,clean,0.5288,0.8934,0.6035,0.7654
ViT-Small (CLS+DIST),ast,snr_10,0.3932,0.8392,0.4336,0.5646
ViT-Small (CLS+DIST),ast,snr_5,0.3457,0.8184,0.3774,0.4999
ViT-Small (CLS+DIST),ast,snr_0,0.2872,0.7893,0.3124,0.4213
ViT-Small (CLS+DIST),ast,snr_neg5,0.2231,0.7486,0.2482,0.3395
