class_id,class_name,no_aug,time_mask,freq_mask,time_freq_mask,mixup,full,delta_time_mask,delta_freq_mask,delta_time_freq_mask,delta_mixup,delta_full
0,Accelerating_and_revving_and_vroom,0.24402210364265814,0.21907301662803597,0.3325893360103408,0.24196534083418003,0.30472942561357635,0.2506690380488454,-0.024949087014622173,0.08856723236768266,-0.0020567628084781076,0.060707321970918215,0.006646934406187244
1,Accordion,0.11184248902125105,0.11463895262245438,0.12669470628914448,0.0752067225163553,0.15162429857767568,0.28072830457875075,0.002796463601203336,0.01485221726789343,-0.03663576650489575,0.03978180955642463,0.1688858155574997
2,Acoustic_guitar,0.4990083213075769,0.5282895418823168,0.5379702436827435,0.4642077427491356,0.46757106368595464,0.5427782192341668,0.02928122057473992,0.0389619223751666,-0.034800578558441264,-0.03143725762162225,0.04376989792658992
3,Aircraft,0.5651758233143482,0.5016668646712787,0.5378469860588666,0.5286162202537525,0.5725917527452111,0.4775976486853324,-0.06350895864306949,-0.02732883725548163,-0.03655960306059569,0.007415929430862889,-0.08757817462901585
4,Alarm,0.5463160506755245,0.5134324232628719,0.5049089558430376,0.5714963710945171,0.47236623205964107,0.5683008841721687,-0.032883627412652605,-0.041407094832486835,0.025180320418992652,-0.0739498186158834,0.021984833496644263
5,Animal,0.7518016695966598,0.7468773524997889,0.7466831451428486,0.7242608872276565,0.7161891299627661,0.7681037832650586,-0.004924317096870912,-0.005118524453811224,-0.02754078236900337,-0.03561253963389377,0.016302113668398732
6,Applause,0.8193875729553648,0.7885691072012484,0.839334151784263,0.8683405638520902,0.8212919114917885,0.896403838916235,-0.030818465754116398,0.019946578828898165,0.048952990896725446,0.0019043385364236887,0.07701626596087019
7,Bark,0.795777962593878,0.7855862715522958,0.788447146106955,0.8252761951256,0.8320210812497908,0.8274463523966801,-0.01019169104158224,-0.00733081648692302,0.029498232531722013,0.03624311865591279,0.031668389802802066
8,Bass_drum,0.3936763105452297,0.37235341778085584,0.39550421534574054,0.4384023496740619,0.4274352808520475,0.4191707482290221,-0.02132289276437388,0.0018279048005108156,0.04472603912883216,0.03375897030681779,0.025494437683792393
9,Bass_guitar,0.7172190428739,0.7151312730327023,0.7633215811336709,0.762209924185191,0.7452983805073516,0.7007603588992164,-0.0020877698411977397,0.04610253825977084,0.04499088131129092,0.028079337633451606,-0.01645868397468364
10,Bathtub_(filling_or_washing),0.45422031848866007,0.47654307346302127,0.5861780776907429,0.5583661254371808,0.4789203795541094,0.5717805084671344,0.022322754974361203,0.13195775920208286,0.10414580694852071,0.024700061065449308,0.11756018997847428
11,Bell,0.739918682043494,0.7053849674123491,0.6825530784289672,0.7135037763558969,0.7618498688140851,0.7302594658075057,-0.03453371463114485,-0.057365603614526806,-0.02641490568759708,0.021931186770591138,-0.00965921623598831
12,Bicycle,0.48582613670727964,0.4439155165080149,0.5466625912297918,0.5799011861531385,0.48162282545405954,0.5634668317286943,-0.041910620199264725,0.06083645452251213,0.09407504944585882,-0.004203311253220099,0.07764069502141463
13,Bicycle_bell,0.6639571640282793,0.6156346987169523,0.6605797765236243,0.6836986997224712,0.6011521196277261,0.6500477613387745,-0.048322465311327,-0.003377387504654994,0.019741535694191903,-0.06280504440055323,-0.013909402689504802
14,Bird,0.4917945671784325,0.497137122925679,0.47833731306104277,0.5048566274448061,0.5100108618011691,0.525510105885185,0.0053425557472465135,-0.013457254117389739,0.013062060266373576,0.01821629462273655,0.03371553870675248
15,Bird_vocalization_and_bird_call_and_bird_song,0.2664393016494325,0.2689895916048049,0.265259912648871,0.25065799947478407,0.3022187640965371,0.26252049676670486,0.0025502899553723757,-0.001179389000561526,-0.01578130217464846,0.03577946244710456,-0.003918804882727667
16,Boat_and_Water_vehicle,0.2207936806758512,0.26442463865944354,0.2743791243352682,0.24669812825874865,0.1158558157718074,0.07719599104872421,0.043630957983592344,0.053585443659416976,0.02590444758289745,-0.1049378649040438,-0.143597689627127
17,Boiling,0.3750674072116692,0.4185492597350211,0.3050793739615034,0.291893516220975,0.4690283571568995,0.34306958686894395,0.043481852523351905,-0.06998803325016578,-0.08317389099069422,0.0939609499452303,-0.03199782034272525
18,Boom,0.627133153106981,0.6437406953673583,0.666293887830014,0.6203445600456208,0.6524803327904336,0.5538353487552681,0.016607542260377306,0.03916073472303294,-0.00678859306136026,0.02534717968345257,-0.07329780435171296
19,Bowed_string_instrument,0.36086152906788616,0.4542838625867265,0.2944264136895398,0.2825015443704506,0.447236799035018,0.35248844376775235,0.09342233351884033,-0.06643511537834634,-0.07835998469743555,0.08637526996713185,-0.008373085300133809
20,Brass_instrument,0.8013882292117619,0.7948320926417424,0.8171253601897509,0.8137717382765262,0.8070523519548897,0.8274877515346859,-0.006556136570019522,0.01573713097798901,0.012383509064764264,0.005664122743127775,0.026099522322924007
21,Breathing,0.4534513802153475,0.4568264024042616,0.5378846585445106,0.47813650116662737,0.4945192042721005,0.5686306995104629,0.003375022188914112,0.08443327832916314,0.024685120951279893,0.04106782405675302,0.11517931929511538
22,Burping_and_eructation,0.9416684813328828,0.9417848770837445,0.9229976581639265,0.9232335520637687,0.9552640030246398,0.9257554768274368,0.000116395750861642,-0.018670823168956296,-0.018434929269114164,0.013595521691756929,-0.015913004505446082
23,Bus,0.3410701190569583,0.2995723483672205,0.32852213422849486,0.23122234362848304,0.3249372467045177,0.21600081168879298,-0.041497770689737756,-0.012547984828463421,-0.10984777542847524,-0.016132872352440597,-0.1250693073681653
24,Buzz,0.31908791144619986,0.3860130501905338,0.3740613562350814,0.248632036324884,0.3266206143247483,0.2667103340657317,0.06692513874433392,0.054973444788881554,-0.07045587512131585,0.0075327028785484584,-0.052377577380468165
25,Camera,0.6170785759284569,0.5815479167224802,0.6331672847258532,0.6057576541663529,0.6258966007479392,0.6360417306317704,-0.035530659205976756,0.016088708797396212,-0.011320921762104086,0.00881802481948224,0.018963154703313445
26,Car,0.4644347313074384,0.4286517962521004,0.4531637770652723,0.4145350788761838,0.46305303277826126,0.4479271425508198,-0.03578293505533797,-0.01127095424216612,-0.049899652431254604,-0.0013816985291771333,-0.01650758875661862
27,Car_passing_by,0.1353372956650611,0.133783003665905,0.13114995210045266,0.1550177913215482,0.13786141281202025,0.1983601575248256,-0.0015542919991561044,-0.004187343564608453,0.01968049565648708,0.0025241171469591317,0.0630228618597645
28,Cat,0.8311194268554971,0.8397594410858445,0.9094068103156197,0.9442957635107163,0.8762711049200278,0.8533868433286784,0.008640014230347437,0.07828738346012254,0.1131763366552192,0.04515167806453069,0.022267416473181312
29,Chatter,0.09069810219555596,0.13650336439750277,0.14768662591129456,0.21831901788794722,0.23620771685049208,0.16651642773066255,0.045805262201946806,0.05698852371573859,0.12762091569239126,0.14550961465493611,0.07581832553510659
30,Cheering,0.5213244793484004,0.5042733030772073,0.5029172845579163,0.49652164496761053,0.48507812308542947,0.5519047075318664,-0.017051176271193125,-0.018407194790484138,-0.024802834380789895,-0.03624635626297096,0.03058022818346595
31,Chewing_and_mastication,0.6774480824452362,0.6694163962038306,0.6601565706494927,0.5773478609525242,0.7451152178996727,0.5833277651639222,-0.0080316862414056,-0.01729151179574351,-0.10010022149271203,0.06766713545443648,-0.09412031728131409
32,Chicken_and_rooster,0.6534787506807328,0.6472912491095469,0.7062411034573748,0.7189885165533253,0.6942637762724253,0.7219688910181072,-0.0061875015711858605,0.052762352776641985,0.0655097658725925,0.0407850255916925,0.06849014033737444
33,Child_speech_and_kid_speaking,0.33354933702118844,0.3332360369783025,0.2861822230026326,0.41091103177719074,0.29164584688051975,0.3650562945673533,-0.0003133000428859334,-0.04736711401855587,0.0773616947560023,-0.04190349014066869,0.03150695754616484
34,Chime,0.623660051682834,0.5784074502438721,0.7504727945023033,0.5318595255835045,0.6860160020626787,0.6083806358577104,-0.045252601438961926,0.1268127428194693,-0.09180052609932954,0.06235595037984465,-0.015279415825123599
35,Chink_and_clink,0.3399092475893218,0.33193860823047106,0.314459587128461,0.2959523977143605,0.3533384890977698,0.283335080319989,-0.007970639358850728,-0.02544966046086078,-0.04395684987496129,0.013429241508448042,-0.05657416726933279
36,Chirp_and_tweet,0.27194396236154716,0.2457669540453935,0.31196373744751327,0.28716246187104844,0.322898106998764,0.26343311852542683,-0.02617700831615366,0.0400197750859661,0.015218499509501271,0.050954144637216814,-0.00851084383612033
37,Chuckle_and_chortle,0.586833207036124,0.6246013591014125,0.6581665033602386,0.5008611826885763,0.6779455057791515,0.5466854219913939,0.037768152065288496,0.07133329632411467,-0.0859720243475477,0.09111229874302751,-0.040147785044730044
38,Church_bell,0.7347237651852346,0.7505751920592794,0.6559758620070213,0.5966770158362835,0.6640903742290734,0.6234119854333429,0.015851426874044727,-0.07874790317821334,-0.13804674934895111,-0.07063339095616128,-0.11131177975189177
39,Clapping,0.6460164896150439,0.6728157400497098,0.6025581221341666,0.5965289302616081,0.676145976674557,0.6184654924902091,0.02679925043466591,-0.04345836748087728,-0.04948755935343574,0.030129487059513127,-0.027550997124834775
40,Clock,0.702344642154929,0.7015969744643796,0.7047984290966278,0.6257070388880914,0.6011369582026205,0.7005690782096325,-0.0007476676905493473,0.0024537869416988434,-0.07663760326683755,-0.1012076839523085,-0.0017755639452964322
41,Coin_(dropping),0.5671446976489234,0.587862868782313,0.5252581109337637,0.5323029075239569,0.6262866510216056,0.4673345253937353,0.020718171133389585,-0.04188658671515966,-0.034841790124966465,0.05914195337268224,-0.09981017225518807
42,Computer_keyboard,0.8956180310677855,0.8839464301197317,0.8917670896959766,0.9342929757375771,0.8399199141193685,0.87035849397059,-0.01167160094805375,-0.003850941371808858,0.0386749446697916,-0.055698116948416976,-0.025259537097195528
43,Conversation,0.29079444400069154,0.27192538221815193,0.2649764726720107,0.2996336386184294,0.18035062252553236,0.1305629668890878,-0.01886906178253961,-0.025817971328680855,0.008839194617737856,-0.11044382147515919,-0.16023147711160374
44,Cough,0.7936729301803065,0.7876384129446071,0.804199633439018,0.796831535959963,0.7543272312040652,0.788619535801428,-0.006034517235699366,0.010526703258711523,0.0031586057796565425,-0.039345698976241295,-0.0050533943788785285
45,Cowbell,0.7970492752203315,0.797247462086985,0.7536614007108107,0.7783120696549976,0.7385348035855966,0.7209690590961009,0.00019818686665351581,-0.04338787450952086,-0.01873720556533398,-0.05851447163473489,-0.07608021612423066
46,Crack,0.3226475158440216,0.29506353459848866,0.42752783337177624,0.32761017362902256,0.37564687081874115,0.2841800993515816,-0.027583981245532962,0.10488031752775462,0.004962657785000935,0.052999354974719526,-0.03846741649244001
47,Crackle,0.12983533237854838,0.1561165202212721,0.23586035713492848,0.22116652086185629,0.17131712378405656,0.22334320201684194,0.026281187842723708,0.10602502475638009,0.0913311884833079,0.04148179140550817,0.09350786963829355
48,Crash_cymbal,0.6865103099984313,0.6737298943526543,0.548888841169486,0.6221748751085752,0.6531881063982082,0.6054952984171893,-0.012780415645777032,-0.13762146882894533,-0.06433543488985616,-0.03332220360022309,-0.08101501158124202
49,Cricket,0.8774450541384298,0.8423934457022031,0.8773447408227772,0.8818149009667193,0.7688673045586558,0.8632193182041533,-0.03505160843622668,-0.00010031331565252266,0.004369846828289559,-0.10857774957977395,-0.014225735934276451
50,Crow,0.5281083696901012,0.5928742831511814,0.5191785947099841,0.4653582845978269,0.47381967365719846,0.510458893446407,0.06476591346108018,-0.008929774980117156,-0.06275008509227431,-0.05428869603290276,-0.017649476243694173
51,Crowd,0.32224711668165607,0.33361053270704194,0.34493929113347926,0.3036675157962697,0.3967093814262347,0.36991569105055133,0.011363416025385875,0.0226921744518232,-0.01857960088538635,0.07446226474457862,0.04766857436889527
52,Crumpling_and_crinkling,0.7205813098480505,0.7578392471624311,0.7464904822264611,0.6580969546517061,0.7067849273145062,0.742700295270212,0.03725793731438065,0.025909172378410616,-0.06248435519634432,-0.013796382533544316,0.022118985422161508
53,Crushing,0.1617386193796827,0.18684803419885926,0.13794083267188706,0.10805815930379363,0.275194248829298,0.11541502324880377,0.025109414819176556,-0.023797786707795643,-0.05368046007588907,0.11345562944961529,-0.04632359613087893
54,Crying_and_sobbing,0.49335816188152665,0.5494247791754989,0.33287274575868925,0.41442139336307177,0.5050883805242082,0.3469225074733661,0.056066617293972276,-0.1604854161228374,-0.07893676851845488,0.011730218642681589,-0.14643565440816053
55,Cupboard_open_or_close,0.08195883317966945,0.048747740453109145,0.05020357307512313,0.05935154331382364,0.0718299463042058,0.0788581213564612,-0.03321109272656031,-0.03175526010454632,-0.022607289865845814,-0.01012888687546365,-0.0031007118232082576
56,Cutlery_and_silverware,0.39704337206114826,0.3932562917086894,0.4795155586064793,0.41727069848498816,0.4602502557852088,0.4011895347087787,-0.003787080352458838,0.08247218654533106,0.020227326423839898,0.06320688372406053,0.004146162647630458
57,Cymbal,0.7432552536038134,0.7326840456024527,0.8072738423096805,0.8357078582508085,0.8135392236856922,0.8473568198116487,-0.010571208001360688,0.06401858870586707,0.09245260464699512,0.07028397008187881,0.10410156620783528
58,Dishes_and_pots_and_pans,0.2656386218384349,0.28339867946192193,0.2948019680572073,0.2460034347926604,0.3096353785666372,0.23636975617142242,0.017760057623487036,0.029163346218772424,-0.019635187045774494,0.0439967567282023,-0.029268865667012478
59,Dog,0.7876651818877118,0.7807199737877165,0.7868023002309535,0.7981625543566838,0.8217671787525572,0.8186376625250326,-0.006945208099995326,-0.0008628816567582964,0.010497372468971977,0.034101996864845385,0.03097248063732072
60,Domestic_animals_and_pets,0.8256898106014495,0.8348934924369017,0.8299949013216575,0.8575471188043938,0.8493667066953376,0.8272191208925365,0.009203681835452171,0.004305090720208016,0.0318573082029443,0.023676896093888122,0.0015293102910869383
61,Domestic_sounds_and_home_sounds,0.7498557092321064,0.7483263424696048,0.8010586250682572,0.8057117444080686,0.7887692995575544,0.799020735799691,-0.0015293667625015939,0.051202915836150775,0.05585603517596216,0.038913590325447944,0.04916502656758459
62,Door,0.6144475131104288,0.5811461563252676,0.6434237288177111,0.5977715555888418,0.6203950932480005,0.6038169821499644,-0.03330135678516122,0.02897621570728237,-0.016675957521587015,0.005947580137571684,-0.010630530960464402
63,Doorbell,0.28339426477723106,0.3017812135827359,0.2032223524100836,0.14859969705562093,0.30757834559686625,0.1598283039616646,0.018386948805504844,-0.08017191236714746,-0.13479456772161014,0.02418408081963519,-0.12356596081556648
64,Drawer_open_or_close,0.4928500784705633,0.4897467238867393,0.5676350182609182,0.47675727395814416,0.5104542834257384,0.3706867730657091,-0.0031033545838239918,0.07478493979035494,-0.016092804512419123,0.017604204955175118,-0.1221633054048542
65,Drill,0.5820764587609739,0.5895359613277608,0.5061476080622495,0.5109134115240365,0.48875758516918877,0.42733317501299106,0.007459502566786846,-0.07592885069872446,-0.07116304723693745,-0.09331887359178515,-0.15474328374798285
66,Drip,0.4778149107784924,0.47377136382196133,0.5366452810854441,0.46772415669469114,0.5590031399476099,0.4553136287113765,-0.0040435469565310855,0.05883037030695165,-0.010090754083801279,0.08118822916911744,-0.022501282067115935
67,Drum,0.7066678516423812,0.6536107757882015,0.6872155535378992,0.7498002980740006,0.7117727527453681,0.7365520246228392,-0.053057075854179736,-0.019452298104482013,0.0431324464316194,0.005104901102986892,0.02988417298045798
68,Drum_kit,0.6732017641487773,0.6877831338052727,0.657084903172968,0.6219462909381805,0.6705223031035252,0.6336049367974818,0.014581369656495369,-0.016116860975809333,-0.05125547321059676,-0.002679461045252074,-0.03959682735129555
69,Electric_guitar,0.5237425143089189,0.49142881404327277,0.45415042504547165,0.5214369539378352,0.5447344044559738,0.5426694265943666,-0.03231370026564617,-0.06959208926344729,-0.002305560371083759,0.020991890147054826,0.018926912285447628
70,Engine,0.5007141888592193,0.4708213169614295,0.5919945832907566,0.5853762193498399,0.538283852900952,0.5595930354491385,-0.029892871897789774,0.09128039443153735,0.0846620304906206,0.037569664041732787,0.058878846589919265
71,Engine_starting,0.5851027441350158,0.565005449070952,0.6404401978949426,0.6920112568321901,0.6055934510090331,0.628410596179019,-0.02009729506406388,0.055337453759926714,0.10690851269717427,0.020490706874017217,0.043307852044003115
72,Explosion,0.8481006528208481,0.8470195123437378,0.8884103670927987,0.8671427494898585,0.8893660961747571,0.8638224330807931,-0.0010811404771102762,0.040309714271950625,0.019042096669010355,0.041265443353909026,0.015721780259944973
73,Fart,0.6122834405801593,0.5918367979060721,0.5307631108613751,0.6649911718202233,0.69094494780448,0.6117758402546246,-0.020446642674087134,-0.0815203297187842,0.052707731240064004,0.07866150722432075,-0.0005076003255346517
74,Female_singing,0.4209977895978357,0.40526492358923705,0.5814727816184269,0.47047158647482323,0.49130672860241237,0.43952739035196087,-0.015732866008598634,0.16047499202059118,0.04947379687698755,0.07030893900457669,0.018529600754125186
75,Female_speech_and_woman_speaking,0.22630795955118987,0.22229133872889922,0.20307859505014597,0.1890242377895538,0.358435811743853,0.28885193754663646,-0.004016620822290651,-0.023229364501043903,-0.03728372176163608,0.1321278521926631,0.06254397799544659
76,Fill_(with_liquid),0.10408001323230565,0.09847760380944237,0.11997064421302639,0.1219386471202597,0.1585502466186881,0.14197727711871266,-0.005602409422863275,0.015890630980720744,0.017858633887954056,0.05447023338638246,0.03789726388640702
77,Finger_snapping,0.5499591736413403,0.6751255470031461,0.34241015568881594,0.37285864024458554,0.7296052044439634,0.5194713761699181,0.1251663733618058,-0.20754901795252434,-0.17710053339675474,0.1796460308026231,-0.030487797471422162
78,Fire,0.3068197050762137,0.28307233159894785,0.28369883390630224,0.30853912787078985,0.30742741428076736,0.24085756081004028,-0.023747373477265854,-0.02312087116991146,0.001719422794576153,0.0006077092045536636,-0.06596214426617342
79,Fireworks,0.7229862533315992,0.7330048762515402,0.7554045150535587,0.7335256520855293,0.7850071315536914,0.7589023563894999,0.010018622919941045,0.032418261721959496,0.010539398753930174,0.062020878222092235,0.03591610305790072
80,Fixed-wing_aircraft_and_airplane,0.5179740992240194,0.44133077920108255,0.4232090125925754,0.4277633546756701,0.4698199838376196,0.3625756669887145,-0.07664332002293683,-0.094765086631444,-0.09021074454834926,-0.0481541153863998,-0.15539843223530486
81,Fowl,0.6429272182842074,0.6546453214266613,0.6704700451043825,0.6845584989932683,0.6703349349964786,0.7043290401585199,0.011718103142453917,0.02754282682017506,0.04163128070906086,0.027407716712271157,0.061401821874312534
82,Frog,0.5221606863706362,0.6038042226411204,0.4126494414735933,0.5931519005249655,0.6100251344568225,0.5034053311748776,0.08164353627048426,-0.10951124489704289,0.0709912141543293,0.08786444808618632,-0.01875535519575855
83,Frying_(food),0.5402330758515745,0.6074499196547549,0.48260174156166613,0.3771291160956025,0.551015798933804,0.29304481530562043,0.06721684380318038,-0.05763133428990841,-0.16310395975597203,0.010782723082229495,-0.2471882605459541
84,Gasp,0.7349114999367683,0.8149913092501639,0.6817184328261785,0.6912111450479459,0.765480359693479,0.7941512302520843,0.08007980931339564,-0.0531930671105898,-0.0437003548888224,0.030568859756710753,0.05923973031531604
85,Giggle,0.4141076151281595,0.40315486025065184,0.5512360651046038,0.47351073182653636,0.45304145850241184,0.504000011831522,-0.010952754877507687,0.13712844997644424,0.059403116698376834,0.03893384337425232,0.08989239670336246
86,Glass,0.6799966049141539,0.6647723542517325,0.669316504075882,0.6708335422088332,0.7053414666620248,0.6623572274827195,-0.01522425066242139,-0.010680100838271978,-0.009163062705320746,0.025344861747870873,-0.0176393774314344
87,Glockenspiel,0.5566011172768734,0.5567554885892874,0.5570578680306139,0.5595168681885943,0.5578502886336968,0.5678391246461081,0.00015437131241391455,0.0004567507537404092,0.0029157509117208047,0.001249171356823342,0.011238007369234637
88,Gong,0.43828307225118435,0.3940948111947751,0.40237853024666953,0.47501857462088726,0.40795006846737736,0.3859590085256183,-0.04418826105640927,-0.03590454200451482,0.03673550236970291,-0.03033300378380699,-0.05232406372556603
89,Growling,0.39673146425571487,0.4244483635589105,0.44622215159818535,0.3798332227465111,0.36167833572281705,0.4304024096502881,0.027716899303195652,0.049490687342470474,-0.01689824150920377,-0.035053128532897826,0.033670945394573215
90,Guitar,0.7746832903474778,0.7754340949337599,0.7560565124341493,0.7750822481001138,0.7811207124210802,0.8109915876590152,0.0007508045862820723,-0.018626777913328563,0.00039895775263598665,0.006437422073602317,0.036308297311537396
91,Gull_and_seagull,0.7979078532893285,0.7863577070976051,0.6464046401774621,0.7904149688252442,0.8478985507332766,0.8987745081823251,-0.011550146191723343,-0.15150321311186632,-0.0074928844640842485,0.04999069744394813,0.10086665489299662
92,Gunshot_and_gunfire,0.7278272430583124,0.6933035127731608,0.7036129827297645,0.6948628693275491,0.655496545198986,0.6361652526394614,-0.034523730285151544,-0.0242142603285479,-0.03296437373076322,-0.07233069785932633,-0.09166199041885092
93,Gurgling,0.36843917922668223,0.3092637492837849,0.41374600241316006,0.3995864896514516,0.3834518708281299,0.4149374620353464,-0.05917542994289732,0.04530682318647783,0.03114731042476937,0.015012691601447692,0.04649828280866419
94,Hammer,0.49464633217517145,0.46453881658186685,0.48446805393932046,0.46849320636020575,0.5661451567199917,0.467724166238384,-0.0301075155933046,-0.01017827823585099,-0.026153125814965705,0.0714988245448202,-0.02692216593678748
95,Hands,0.678119299562301,0.7062387673578507,0.5912048165069652,0.6169975199050488,0.7589080089794986,0.6439723019660127,0.028119467795549746,-0.08691448305533578,-0.061121779657252184,0.08078870941719762,-0.03414699759628825
96,Harmonica,0.5703625640600745,0.5591213534828481,0.5735267534205406,0.4420382780541082,0.5311174419838405,0.33466470055268455,-0.01124121057722638,0.003164189360466141,-0.12832428600596624,-0.039245122076233985,-0.23569786350738992
97,Harp,0.023002096497107702,0.024845825304136898,0.029776304996019506,0.039054333543130815,0.07305313043864312,0.1970088652306551,0.0018437288070291963,0.0067742084989118045,0.016052237046023113,0.050051033941535414,0.17400676873354742
98,Hi-hat,0.5826573945476227,0.5483560580512651,0.6687419364850236,0.6855197472605663,0.6436142729898301,0.7109841168347824,-0.03430133649635758,0.0860845419374009,0.10286235271294364,0.06095687844220743,0.1283267222871597
99,Hiss,0.3060263712295408,0.3631206558631801,0.32556959561440024,0.3691476493999255,0.3700156513694511,0.3579401260683495,0.0570942846336393,0.019543224384859448,0.06312127817038471,0.06398928013991029,0.05191375483880872
100,Human_group_actions,0.8233567702004074,0.802047335117587,0.8309135521375022,0.841929680672816,0.8208393545525212,0.8693979057576404,-0.02130943508282046,0.0075567819370947475,0.01857291047240861,-0.002517415647886212,0.04604113555723299
101,Human_voice,0.7851321332461991,0.7657993894075761,0.8068890425678727,0.8022963102118366,0.7508490708498896,0.8086522542994854,-0.019332743838623045,0.021756909321673623,0.017164176965637434,-0.034283062396309516,0.02352012105328627
102,Idling,0.18340894397553192,0.17326153257185525,0.22713714814517472,0.19709530521602514,0.21241744404775134,0.25478075508604625,-0.01014741140367667,0.04372820416964279,0.013686361240493217,0.029008500072219418,0.07137181111051433
103,Insect,0.748310565265028,0.7481795388454874,0.7289421388138029,0.696436834610841,0.6555359772803605,0.7232985283803014,-0.00013102641954065852,-0.019368426451225162,-0.05187373065418699,-0.09277458798466753,-0.02501203688472664
104,Keyboard_(musical),0.4675830628187406,0.4909655468036512,0.5576764914911917,0.571922145675926,0.5529283218264132,0.6114289686631578,0.02338248398491055,0.09009342867245107,0.1043390828571854,0.08534525900767254,0.14384590584441714
105,Keys_jangling,0.65291226981997,0.7004807277463783,0.6545298969791209,0.5892593563036264,0.7065248203866812,0.7132001794531164,0.04756845792640829,0.001617627159150925,-0.06365291351634361,0.053612550566711215,0.06028790963314645
106,Knock,0.5995861742107994,0.5774278714703605,0.639551067907272,0.6055426028079397,0.6481200418671965,0.5993005924853396,-0.02215830274043895,0.0399648936964726,0.005956428597140295,0.04853386765639711,-0.00028558172545978255
107,Laughter,0.7233651555969265,0.7179829488673231,0.7206251104860777,0.6674674465204692,0.7147727947268949,0.7740128363837795,-0.005382206729603434,-0.002740045110848799,-0.0558977090764573,-0.008592360870031568,0.050647680786853
108,Liquid,0.6562977661130609,0.6570264497167382,0.6362433155376155,0.6388737702294693,0.6377970813382512,0.6460579678652394,0.0007286836036772826,-0.020054450575445415,-0.01742399588359156,-0.018500684774809706,-0.010239798247821508
109,Livestock_and_farm_animals_and_working_animals,0.4900554833996488,0.5032542736875485,0.4749754798859601,0.403857350445476,0.4725987317196423,0.4391331118087224,0.01319879028789972,-0.015080003513688656,-0.08619813295417278,-0.017456751680006488,-0.050922371590926385
110,Male_singing,0.5961702811276002,0.38543005457082646,0.253161975413153,0.432083220955926,0.4064589862025991,0.43651537253040695,-0.2107402265567737,-0.3430083057144472,-0.16408706017167418,-0.18971129492500105,-0.15965490859719322
111,Male_speech_and_man_speaking,0.4018007780749272,0.35370080923457325,0.40864373286860417,0.4117552902178381,0.36279591699778047,0.40781390284962127,-0.048099968840353946,0.00684295479367697,0.009954512142910876,-0.039004861077146735,0.0060131247746940675
112,Mallet_percussion,0.4339409658301129,0.4493019235915647,0.40356388699479073,0.4487958263041123,0.47365924540291177,0.34976128293984443,0.015360957761451799,-0.030377078835322147,0.01485486047399942,0.03971827957279889,-0.08417968289026845
113,Marimba_and_xylophone,0.3756057356421454,0.3383313159714164,0.3562144714728764,0.3074288834654886,0.47719552876508603,0.2071357361068626,-0.037274419670728975,-0.019391264169269007,-0.06817685217665681,0.10158979312294064,-0.1684699995352828
114,Mechanical_fan,0.3539887450322925,0.4900267381856602,0.5129576714124302,0.35041082869784984,0.4004692888620669,0.22050648375526818,0.13603799315336773,0.1589689263801377,-0.0035779163344426546,0.0464805438297744,-0.1334822612770243
115,Mechanisms,0.534360304811373,0.5353411457271384,0.49785251164558897,0.4970077924892149,0.5689420542113945,0.5348283249125634,0.0009808409157654463,-0.03650779316578401,-0.03735251232215808,0.034581749400021566,0.0004680201011904028
116,Meow,0.7677937134652768,0.7832823319680029,0.8508659147618403,0.8760508733544179,0.8393522584135279,0.8313245814281682,0.015488618502726093,0.08307220129656345,0.10825715988914109,0.07155854494825109,0.06353086796289142
117,Microwave_oven,0.8185154391148999,0.831388782648347,0.6599110172032436,0.6800232688703058,0.7085055447125262,0.5823681665893652,0.012873343533447157,-0.15860442191165625,-0.13849217024459404,-0.11000989440237363,-0.2361472725255347
118,Motor_vehicle_(road),0.6400182997722694,0.6169380056277612,0.6676029253732574,0.6549920575870485,0.6488211329258192,0.6395585867602276,-0.023080294144508184,0.027584625600987955,0.014973757814779054,0.008802833153549794,-0.00045971301204184023
119,Motorcycle,0.4395113033605366,0.41978444404040094,0.5546677373516347,0.558798640407127,0.5616504947165034,0.4739740065760888,-0.01972685932013568,0.11515643399109804,0.11928733704659039,0.12213919135596679,0.03446270321555217
120,Music,0.9258418573531491,0.9236201266388868,0.9312797147198713,0.945818830646024,0.945854898765204,0.9413193023746957,-0.0022217307142622378,0.0054378573667221985,0.019976973292874955,0.020013041412054955,0.015477445021546687
121,Musical_instrument,0.9263876470339781,0.9253462740831822,0.9314938517857896,0.9472986504827241,0.9455955414865618,0.9443044844858516,-0.0010413729507959824,0.0051062047518114495,0.02091100344874597,0.01920789445258364,0.017916837451873446
122,Ocean,0.8018321528571069,0.8065359808690037,0.7538362425056885,0.7976189644877707,0.7998600774313077,0.8047309735910175,0.004703828011896838,-0.04799591035141837,-0.004213188369336152,-0.0019720754257991358,0.0028988207339106786
123,Organ,0.21584183804767532,0.22971711557613067,0.29347576250301316,0.29457932602976733,0.29344810425455514,0.32490760720127465,0.013875277528455354,0.07763392445533784,0.07873748798209201,0.07760626620687983,0.10906576915359933
124,Packing_tape_and_duct_tape,0.3934349998105119,0.3471984343841519,0.39495578224044636,0.21010884296883614,0.25857493905051376,0.12948572958867566,-0.04623656542636001,0.0015207824299344752,-0.18332615684167575,-0.13486006075999812,-0.26394927022183623
125,Percussion,0.8217817781114674,0.8187409686511053,0.838290066257456,0.8489832199332121,0.8514890276499845,0.8747190371943883,-0.003040809460362004,0.016508288145988592,0.027201441821744776,0.02970724953851711,0.05293725908292091
126,Piano,0.6652007290461989,0.6680869394085968,0.681300953155649,0.6872510552527313,0.6529777560719443,0.7161629920400154,0.0028862103623978896,0.016100224109450112,0.022050326206532467,-0.012222972974254565,0.050962262993816565
127,Plucked_string_instrument,0.7708916333708231,0.7744559684988792,0.7588311880317886,0.78119735237643,0.7788875850339989,0.8157532714966522,0.0035643351280560953,-0.012060445339034498,0.01030571900560684,0.007995951663175793,0.044861638125829106
128,Pour,0.6067302623254968,0.5607945720241816,0.5768219623906219,0.6483680970095089,0.41537378874946085,0.6734878736187677,-0.04593569030131517,-0.02990829993487487,0.041637834684012165,-0.1913564735760359,0.06675761129327096
129,Power_tool,0.5965659838142859,0.6013371901387812,0.5080622011950817,0.5115972557589281,0.47993400853344126,0.4211432778911056,0.004771206324495236,-0.08850378261920422,-0.08496872805535782,-0.11663197528084468,-0.17542270592318032
130,Printer,0.5389425051470105,0.6782625381809283,0.4756383224750269,0.5545398628976428,0.713155036049451,0.35566119958471365,0.13932003303391782,-0.06330418267198357,0.015597357750632312,0.1742125309024405,-0.18328130556229683
131,Purr,0.8882068086853925,0.8891646393657179,0.9553349892939291,0.9855769239366055,0.9233648631406832,0.8436498391286786,0.0009578306803254,0.06712818060853665,0.09737011525121297,0.035158054455290744,-0.044556969556713844
132,Race_car_and_auto_racing,0.129678652879298,0.0769043384513204,0.16579060809805934,0.09721636353542229,0.1698886830625136,0.11266388548069961,-0.0527743144279776,0.036111955218761344,-0.03246228934387571,0.04021003018321559,-0.01701476739859839
133,Rail_transport,0.6704646996404695,0.6516166645325682,0.65936982586399,0.6633648100348986,0.7017578516017999,0.6779700891696778,-0.01884803510790134,-0.011094873776479552,-0.007099889605570953,0.03129315196133042,0.007505389529208317
134,Rain,0.5674731475433517,0.5268839218943075,0.5689295865162921,0.6313796899458408,0.6338789487053238,0.6315775276288129,-0.0405892256490441,0.0014564389729404548,0.06390654240248916,0.06640580116197214,0.06410438008546127
135,Raindrop,0.3987452008646499,0.38819884801181703,0.41446476168633883,0.40645248733196887,0.5439104411767893,0.4550605916654331,-0.010546352852832841,0.01571956082168896,0.007707286467318997,0.14516524031213945,0.05631539080078324
136,Ratchet_and_pawl,0.126586798534845,0.12655559339327738,0.13295561913400888,0.13130317575996742,0.14704135956708342,0.07452541885140818,-3.1205141567625105e-05,0.0063688205991638824,0.0047163772251224145,0.020454561032238416,-0.052061379683436826
137,Rattle,0.12096638974800317,0.1320051367104793,0.06778625972328696,0.060573537746949374,0.11018637223995371,0.057636553072040506,0.011038746962476143,-0.05318013002471621,-0.06039285200105379,-0.010780017508049453,-0.06332983667596266
138,Rattle_(instrument),0.4535658408373193,0.4841413648807583,0.6282492433970501,0.5262730288472457,0.5007995695391783,0.5176115384366791,0.030575524043438995,0.1746834025597308,0.07270718800992637,0.047233728701858935,0.06404569759935974
139,Respiratory_sounds,0.7151498315746222,0.7312377444004301,0.7567565470971146,0.6953606967962207,0.7238391985579518,0.7753450756362907,0.016087912825807904,0.0416067155224924,-0.019789134778401496,0.00868936698332956,0.06019524406166854
140,Ringtone,0.57494869348625,0.6283933986640757,0.5596801249334844,0.6373144674645477,0.46889269704159164,0.5806647034317514,0.053444705177825735,-0.015268568552765593,0.06236577397829768,-0.10605599644465835,0.005716009945501366
141,Run,0.5778332138239356,0.5717089029543646,0.5610326768904896,0.5856791995166727,0.6364939644072103,0.5879490067883903,-0.0061243108695709925,-0.016800536933445964,0.00784598569273709,0.05866075058327469,0.01011579296445475
142,Sawing,0.3640517791346289,0.4073618610753996,0.49143361679639663,0.3555221804703545,0.3646392314057436,0.35429735452794275,0.04331008194077074,0.12738183766176775,-0.008529598664274385,0.0005874522711147301,-0.00975442460668613
143,Scissors,0.5215156842023134,0.5479590749309864,0.612899130792357,0.6784537681378424,0.593354330630973,0.6746393830399029,0.026443390728672966,0.0913834465900436,0.156938083935529,0.07183864642865956,0.15312369883758947
144,Scratching_(performance_technique),0.5185111051246365,0.4990064608424538,0.512031540928652,0.6011522852707001,0.5508227589268015,0.6775415436118049,-0.01950464428218268,-0.0064795641959845,0.08264118014606359,0.03231165380216505,0.15903043848716836
145,Screaming,0.7676512480560234,0.7728490828948975,0.8102419591860708,0.8320625725560333,0.7747930961756093,0.7839113744364643,0.005197834838874149,0.04259071113004742,0.06441132450000997,0.0071418481195859584,0.016260126380440942
146,Screech,0.06551445328640756,0.0580803860427013,0.10679083150539093,0.07108096989145674,0.06190804846936082,0.11586040777168355,-0.007434067243706266,0.04127637821898336,0.005566516605049171,-0.0036064048170467433,0.050345954485275984
147,Shatter,0.7913038035330828,0.7913026599271689,0.8166783827182371,0.8320258172752801,0.8113533726427704,0.8200579327240121,-1.1436059139668941e-06,0.02537457918515429,0.040722013742197305,0.02004956910968758,0.028754129190929234
148,Shout,0.4937934957270045,0.4687740515364567,0.43977573029405903,0.5495128010516055,0.38062511308817193,0.44220554805360734,-0.0250194441905478,-0.05401776543294545,0.05571930532460101,-0.11316838263883255,-0.05158794767339714
149,Sigh,0.7859853619218969,0.7963287487304573,0.8002945232911838,0.8332743876110849,0.8065143136792159,0.7575852819201478,0.010343386808560395,0.014309161369286838,0.047289025689187913,0.020528951757318947,-0.028400080001749095
150,Singing,0.6153143315787128,0.5869035619714629,0.5724647143911679,0.5439051060207226,0.5674070430954945,0.5457499622872487,-0.028410769607249975,-0.042849617187544986,-0.07140922555799023,-0.04790728848321835,-0.06956436929146415
151,Sink_(filling_or_washing),0.4513602838665967,0.4443850550215083,0.4087077260330977,0.40847222881529216,0.3828859836034795,0.3891616261772882,-0.006975228845088388,-0.04265255783349903,-0.04288805505130455,-0.06847430026311724,-0.06219865768930849
152,Siren,0.7049349163261343,0.6406771594684106,0.7204485647326171,0.7450059807062182,0.678954619774791,0.8402350655607442,-0.06425775685772361,0.015513648406482838,0.0400710643800839,-0.025980296551343263,0.13530014923460998
153,Skateboard,0.2343619637781798,0.2378988743130061,0.06753952696893104,0.12056717470333435,0.09553908205635095,0.20162447169428457,0.0035369105348262986,-0.16682243680924877,-0.11379478907484546,-0.13882288172182886,-0.03273749208389523
154,Slam,0.5614886412782373,0.5327203190895138,0.6192015984985663,0.5919654181885299,0.6030389577940702,0.590160176289499,-0.028768322188723494,0.057712957220328986,0.030476776910292602,0.041550316515832963,0.02867153501126174
155,Sliding_door,0.5299651995228647,0.5657549776811694,0.585761256646854,0.5514492750061464,0.6002698491765396,0.5379129305880399,0.03578977815830475,0.05579605712398927,0.021484075483281684,0.07030464965367489,0.007947731065175212
156,Snare_drum,0.6863172810508198,0.6768099482744427,0.7083954711196293,0.7487951226384743,0.718073070419426,0.76748718817041,-0.009507332776377053,0.02207819006880951,0.06247784158765446,0.031755789368606235,0.08116990711959016
157,Sneeze,0.7657692286219362,0.8391265676787789,0.8234920660370868,0.8644841232943161,0.8776190495774863,0.8022507689093503,0.07335733905684272,0.05772283741515061,0.09871489467237993,0.11184982095555007,0.03648154028741413
158,Speech,0.5564626203615806,0.5155266321984788,0.5589748498804681,0.5822245730214837,0.5327486624620659,0.596744966777542,-0.04093598816310173,0.002512229518887521,0.02576195265990311,-0.023713957899514693,0.0402823464159614
159,Speech_synthesizer,0.5394387030084573,0.46792153832784167,0.4129529499449245,0.5534493531378839,0.515963618570181,0.523098963364028,-0.07151716468061564,-0.12648575306353282,0.014010650129426594,-0.023475084438276284,-0.016339739644429363
160,Splash_and_splatter,0.615081844426834,0.6372625464170807,0.6231989730450412,0.5805685679602974,0.6276352232100771,0.6037970504255222,0.022180701990246687,0.008117128618207237,-0.03451327646653657,0.012553378783243141,-0.011284794001311771
161,Squeak,0.34321077627909324,0.3322001361400334,0.2919352584592123,0.26978024444102366,0.38739157808049174,0.2904054317823054,-0.011010640139059835,-0.051275517819880934,-0.07343053183806958,0.044180801801398495,-0.052805344496787865
162,Stream,0.7793729206776039,0.7846158282153567,0.8109811803382778,0.8390354296380167,0.8462742621547816,0.8591474610297674,0.005242907537752806,0.03160825966067393,0.05966250896041281,0.06690134147717774,0.07977454035216347
163,Strum,0.35599689917721067,0.3392400518147697,0.35019630800257084,0.26557865428937094,0.33143248213050247,0.2963982983085458,-0.016756847362440985,-0.005800591174639824,-0.09041824488783973,-0.024564417046708198,-0.059598600868664864
164,Subway_and_metro_and_underground,0.4301310637104095,0.4612161340453525,0.422635314268739,0.4224731319175389,0.45462709530047984,0.41286858356184475,0.03108507033494301,-0.007495749441670474,-0.007657931792870609,0.024496031590070355,-0.01726248014856474
165,Tabla,0.5194852618733421,0.5735256921325345,0.4793177653627936,0.7128333355649374,0.5905572655901778,0.47711958759464324,0.05404043025919236,-0.04016749651054852,0.19334807369159535,0.07107200371683575,-0.04236567427869886
166,Tambourine,0.6354570906858756,0.654128745075033,0.6870503761381079,0.7090980405002919,0.6741628187597546,0.7222694904097766,0.01867165438915741,0.051593285452232296,0.07364094981441627,0.03870572807387895,0.08681239972390098
167,Tap,0.14970663604684564,0.14542985665296157,0.12349601384549305,0.1290602545638718,0.12522031283699306,0.12241706890400356,-0.004276779393884073,-0.02621062220135259,-0.020646381482973847,-0.024486323209852584,-0.027289567142842086
168,Tearing,0.8187159280989653,0.8276064564480371,0.7587158176738789,0.798625878299462,0.7939912228140005,0.7741513919048271,0.00889052834907178,-0.06000011042508646,-0.02009004979950335,-0.024724705284964843,-0.04456453619413825
169,Telephone,0.6580309048760984,0.6535865332954971,0.5810676459147863,0.7356203099373877,0.5176100733410188,0.6877934725794854,-0.004444371580601292,-0.07696325896131206,0.07758940506128931,-0.14042083153507956,0.029762567703387033
170,Thump_and_thud,0.19908194674696117,0.19370074455375197,0.2643467623499619,0.18641969668825725,0.21836559944505773,0.17217389194964167,-0.0053812021932092,0.06526481560300074,-0.012662250058703917,0.019283652698096565,-0.026908054797319503
171,Thunder,0.9581577952921165,0.9693129584939904,0.9557445752645259,0.9612418753534797,0.9742210568818539,0.9634123247092568,0.011155163201873819,-0.00241322002759059,0.0030840800613631814,0.016063261589737365,0.005254529417140219
172,Thunderstorm,0.9587866089387322,0.969753923395384,0.955944977574708,0.9618899369541118,0.975282097726681,0.9634970317870355,0.010967314456651778,-0.0028416313640242663,0.003103328015379603,0.01649548878794871,0.004710422848303253
173,Tick,0.004688253223114662,0.005815738122101503,0.014200062522508397,0.007835185480411413,0.014847222374652636,0.009129738197259207,0.0011274848989868413,0.009511809299393735,0.0031469322572967515,0.010158969151537973,0.004441484974144545
174,Tick-tock,0.7182555085135869,0.7194118173812416,0.7587084503724282,0.6799312755941099,0.6905912361852264,0.7645538428815903,0.0011563088676547206,0.040452941858841296,-0.03832423291947695,-0.02766427232836044,0.04629833436800346
175,Toilet_flush,0.8504385755490051,0.8426042964986271,0.8192847356266996,0.8370454158750005,0.8269478053152179,0.810457856261246,-0.007834279050378035,-0.031153839922305582,-0.013393159674004673,-0.023490770233787206,-0.03998071928775915
176,Tools,0.5563997924217764,0.5388305737470181,0.5216104590160987,0.551284568683549,0.5512580273885815,0.5306974401495657,-0.017569218674758247,-0.03478933340567769,-0.00511522373822737,-0.005141765033194856,-0.025702352272210738
177,Traffic_noise_and_roadway_noise,0.2693044934029606,0.2622327380684389,0.1953194291115934,0.20443234748840095,0.20709147882029721,0.2055424181450255,-0.007071755334521701,-0.0739850642913672,-0.06487214591455964,-0.06221301458266337,-0.06376207525793509
178,Train,0.4213556708672491,0.42253654549703695,0.35242224392678306,0.28825441639467564,0.4149671582031691,0.34305798107634383,0.0011808746297878314,-0.06893342694046606,-0.13310125447257348,-0.006388512664080026,-0.07829768979090529
179,Trickle_and_dribble,0.5577650409288792,0.5182712999127106,0.5592248612441526,0.6389354120417228,0.3298383369836707,0.6752706534559973,-0.03949374101616865,0.0014598203152733635,0.08117037111284353,-0.22792670394520853,0.11750561252711811
180,Truck,0.16892172591963345,0.1856026463893665,0.10578170723344538,0.171347696203348,0.26021718856034837,0.15954744564602402,0.016680920469733046,-0.06314001868618807,0.0024259702837145514,0.09129546264071492,-0.009374280273609426
181,Trumpet,0.8246351800299383,0.8229490266358259,0.8519275785286249,0.8566893512584184,0.8407951138040266,0.8672690755546639,-0.0016861533941123774,0.027292398498686588,0.03205417122848009,0.01615993377408831,0.04263389552472563
182,Typewriter,0.3015314137577565,0.2519085105688982,0.20360349325349553,0.2034293539657681,0.4392235803587945,0.211597159547101,-0.049622903188858314,-0.09792792050426097,-0.09810205979198838,0.137692166601038,-0.08993425421065548
183,Typing,0.7852785178952294,0.769274129078846,0.79211636202112,0.7984949854699055,0.798733559513328,0.7956880585283226,-0.01600438881638344,0.006837844125890613,0.013216467574676094,0.013455041618098629,0.010409540633093184
184,Vehicle,0.7256424918917757,0.704680569159406,0.7341701939644611,0.7411875609223055,0.7572213082402428,0.7577218990379566,-0.02096192273236963,0.008527702072685495,0.015545069030529879,0.031578816348467154,0.03207940714618096
185,Vehicle_horn_and_car_horn_and_honking,0.504796515429039,0.4906368585004713,0.5366973688543829,0.6059616101412888,0.6322715770477356,0.5736561594142922,-0.014159656928567743,0.03190085342534388,0.10116509471224977,0.1274750616186966,0.06885964398525313
186,Walk_and_footsteps,0.31544661859992795,0.3374281097782128,0.397474711052225,0.35596512172239525,0.3677063555449508,0.29670078792780724,0.02198149117828485,0.08202809245229703,0.0405185031224673,0.05225973694502284,-0.01874583067212071
187,Water,0.6655178962204216,0.637019754656666,0.709134755363229,0.6954440508338504,0.6888324232303873,0.7418409415914597,-0.02849814156375552,0.04361685914280744,0.029926154613428846,0.023314527009965724,0.07632304537103818
188,Water_tap_and_faucet,0.649190332883619,0.694917939259838,0.6190974810535809,0.6228591561909066,0.6184609300647899,0.6349976389637362,0.04572760637621898,-0.03009285183003818,-0.026331176692712455,-0.030729402818829188,-0.01419269391988287
189,Waves_and_surf,0.7721202537535161,0.7476744114175938,0.7252658048077003,0.7729015013796818,0.7867319316224494,0.7948295555987553,-0.024445842335922285,-0.04685444894581581,0.0007812476261657153,0.014611677868933248,0.022709301845239227
190,Whispering,0.6213098462884598,0.6760856393217893,0.6013426619875977,0.5726211989633274,0.5113334516964616,0.576907938211639,0.05477579303332958,-0.019967184300862084,-0.04868864732513234,-0.10997639459199815,-0.04440190807682076
191,Whoosh_and_swoosh_and_swish,0.6102010375431226,0.5970359352035278,0.5941322553078494,0.5720513084041345,0.5787354138626418,0.5718399020119312,-0.01316510233959478,-0.016068782235273193,-0.038149729138988064,-0.03146562368048078,-0.03836113553119136
192,Wild_animals,0.6202904689287434,0.6220625739716199,0.6408853136741721,0.6211835096402774,0.6188282248767492,0.6480491715305743,0.001772105042876504,0.02059484474542872,0.0008930407115339545,-0.0014622440519942437,0.027758702601830887
193,Wind,0.41349595290388186,0.3401096388519536,0.3148415947672773,0.33453453718772785,0.47752382807320826,0.3447068562990654,-0.07338631405192825,-0.09865435813660456,-0.078961415716154,0.0640278751693264,-0.06878909660481647
194,Wind_chime,0.5002063273413552,0.42355531028077353,0.6758070555496452,0.43627171614509985,0.5901987028751261,0.5076187992877719,-0.07665101706058164,0.17560072820828998,-0.06393461119625532,0.08999237553377093,0.007412471946416699
195,Wind_instrument_and_woodwind_instrument,0.4973412564685016,0.4692891813846096,0.4508970519092663,0.5311332539984066,0.4806734591056253,0.5280793770369828,-0.02805207508389196,-0.04644420455923526,0.03379199752990503,-0.01666779736287627,0.030738120568481242
196,Wood,0.1510284481641437,0.11762800078594243,0.11165821640845158,0.12581920808971186,0.15817103223875095,0.1337816067120596,-0.033400447378201276,-0.039370231755692126,-0.025209240074431843,0.007142584074607244,-0.017246841452084105
197,Writing,0.7951000206609562,0.77661762177759,0.7682047397025416,0.767194011431455,0.8005997988771352,0.728611192450069,-0.018482398883366224,-0.026895280958414647,-0.02790600922950115,0.005499778216178974,-0.0664888282108872
198,Yell,0.3070384693179255,0.27707594751296316,0.20549668519831774,0.3351222028534931,0.21104781857060023,0.32424805093970127,-0.02996252180496234,-0.10154178411960776,0.02808373353556759,-0.09599065074732527,0.01720958162177577
199,Zipper_(clothing),0.763786317654412,0.7608184225882287,0.7733078626638199,0.7851071551397719,0.7902776128205572,0.8046588439934019,-0.0029678950661832237,0.009521545009407939,0.021320837485359956,0.026491295166145234,0.04087252633898997
