condition,model,label,samples,mAP,mAUC,micro_f1,macro_f1,top1_hit,top5_hit
clean,no_aug,No Augmentation,10231,0.4869,0.8645,0.5596,0.4378,0.7377,0.8688
clean,time_mask,Time Masking,10231,0.4859,0.8517,0.5636,0.449,0.7397,0.868
clean,freq_mask,Frequency Masking,10231,0.4933,0.8837,0.5522,0.4273,0.7357,0.8688
clean,time_freq_mask,Time + Freq Masking,10231,0.4972,0.8918,0.5526,0.421,0.7414,0.8764
clean,mixup,Mixup Only,10231,0.5124,0.8859,0.5657,0.4378,0.7597,0.889
clean,full,Full Augmentation,10231,0.5056,0.9045,0.5474,0.3974,0.7518,0.8868
snr_10,no_aug,No Augmentation,10231,0.3345,0.7927,0.3676,0.2737,0.5396,0.7089
snr_10,time_mask,Time Masking,10231,0.3369,0.7831,0.3848,0.2929,0.5529,0.7188
snr_10,freq_mask,Frequency Masking,10231,0.3438,0.8222,0.3578,0.2632,0.5379,0.7087
snr_10,time_freq_mask,Time + Freq Masking,10231,0.347,0.8246,0.3575,0.2614,0.5478,0.7171
snr_10,mixup,Mixup Only,10231,0.3866,0.8368,0.3947,0.289,0.5799,0.7671
snr_10,full,Full Augmentation,10231,0.3657,0.8452,0.3609,0.2468,0.5584,0.7442
snr_5,no_aug,No Augmentation,10231,0.2799,0.7616,0.3064,0.2209,0.4683,0.6391
snr_5,time_mask,Time Masking,10231,0.2826,0.75,0.3204,0.2374,0.4827,0.6505
snr_5,freq_mask,Frequency Masking,10231,0.2897,0.7911,0.2998,0.2168,0.4686,0.6453
snr_5,time_freq_mask,Time + Freq Masking,10231,0.2981,0.7941,0.3035,0.2167,0.4825,0.6507
snr_5,mixup,Mixup Only,10231,0.3342,0.8124,0.332,0.2369,0.5108,0.7052
snr_5,full,Full Augmentation,10231,0.3167,0.8189,0.3008,0.1998,0.4918,0.6741
snr_0,no_aug,No Augmentation,10231,0.2154,0.7202,0.2341,0.1596,0.3799,0.5488
snr_0,time_mask,Time Masking,10231,0.2183,0.7099,0.2464,0.1744,0.3961,0.563
snr_0,freq_mask,Frequency Masking,10231,0.2303,0.7509,0.237,0.1673,0.3928,0.5664
snr_0,time_freq_mask,Time + Freq Masking,10231,0.2388,0.7546,0.2428,0.1674,0.4067,0.5739
snr_0,mixup,Mixup Only,10231,0.2679,0.7766,0.2613,0.1782,0.4221,0.6213
snr_0,full,Full Augmentation,10231,0.2571,0.7827,0.236,0.1517,0.4106,0.5854
snr_neg5,no_aug,No Augmentation,10231,0.1551,0.6736,0.175,0.1089,0.2956,0.4446
snr_neg5,time_mask,Time Masking,10231,0.1575,0.664,0.1835,0.1209,0.3144,0.4625
snr_neg5,freq_mask,Frequency Masking,10231,0.1714,0.7032,0.1777,0.1162,0.3167,0.4804
snr_neg5,time_freq_mask,Time + Freq Masking,10231,0.1768,0.7085,0.1795,0.1155,0.3234,0.4861
snr_neg5,mixup,Mixup Only,10231,0.2,0.7322,0.1948,0.1251,0.3291,0.5201
snr_neg5,full,Full Augmentation,10231,0.1926,0.7366,0.1739,0.1058,0.3231,0.4901
