condition,model_id,model_name,samples,mAP,mAUC,micro_f1_t20,macro_f1_t20,micro_f1_t50,macro_f1_t50,top1_hit,top5_hit
val,vit_attn_pool,ViT-Tiny (Attention Pool),4170,0.5548107773881031,0.9606073347958209,0.6679473106473781,0.5121582436353277,0.642507801946694,0.42100524995858135,0.7601918465227818,0.8995203836930455
val,vit_gap_pool,ViT-Tiny (GAP Pool),4170,0.5500752504834694,0.959987074028328,0.6686941942524783,0.518320045610392,0.6409636312898145,0.42137837725165794,0.7510791366906475,0.8959232613908873
val,vit_gap_max_pool,ViT-Tiny (GAP+Max Pool),4170,0.5359211958201734,0.961029325970153,0.6609175309790386,0.4984252764817849,0.633569960769366,0.40443448678165256,0.7503597122302158,0.8918465227817746
val,resnet34_baseline,ResNet-34 Baseline,4170,0.5434816815185277,0.9211997434728193,0.6384692156793067,0.5211939229315916,0.6487498328650672,0.4896491159644314,0.7434052757793765,0.8793764988009592
val,vit_full_noise_reverb,ViT-Tiny (Full Aug+Noise+Reverb),4170,0.5535054823094923,0.946845825192452,0.6414430571840237,0.5066794012825043,0.630244548507341,0.4151791338830282,0.7438848920863309,0.8875299760191847
val,vit_mixup_noise_reverb,ViT-Tiny (Mixup+Noise+Reverb),4170,0.570149575318996,0.9395222472337172,0.6651691803042518,0.5384113835914716,0.6612031865210781,0.47178120456811745,0.765947242206235,0.8908872901678657
clean,vit_attn_pool,ViT-Tiny (Attention Pool),10231,0.5199390361210192,0.9423632006413197,0.5991905226150552,0.48067102484776086,0.5469109145363679,0.3856510436082996,0.7630730133906753,0.9075359202424006
clean,vit_gap_pool,ViT-Tiny (GAP Pool),10231,0.5125780177607316,0.9394249397744011,0.5994226175646479,0.4787381962386418,0.5485781990520372,0.3828052231479148,0.7627797869220995,0.9109568957091193
clean,vit_gap_max_pool,ViT-Tiny (GAP+Max Pool),10231,0.5050945874007671,0.9425706765297542,0.5923431666787802,0.46760493264362873,0.5351777271930424,0.35989362699659194,0.7553513830515101,0.9050923663376014
clean,resnet34_baseline,ResNet-34 Baseline,10231,0.4948861712743318,0.8935000088085467,0.5796373341705813,0.4845458814457324,0.5546026684567333,0.4389819193800045,0.7390284429674518,0.8796794057276903
clean,vit_full_noise_reverb,ViT-Tiny (Full Aug+Noise+Reverb),10231,0.5150171375021058,0.9193491393739205,0.5945690920527633,0.4878746256298203,0.5413844199829697,0.3716147657847814,0.7551558987391261,0.8902355585964227
clean,vit_mixup_noise_reverb,ViT-Tiny (Mixup+Noise+Reverb),10231,0.5307244879255002,0.9059085247401648,0.6102387232027308,0.5189098719845472,0.5656732606785866,0.4281799689894379,0.770012706480305,0.8999120320594273
snr_10,vit_attn_pool,ViT-Tiny (Attention Pool),10231,0.3867729899532826,0.9025111323184994,0.43457532416257716,0.32849277741354044,0.35769305206108815,0.2377528570710158,0.5689570911934317,0.7779298211318542
snr_10,vit_gap_pool,ViT-Tiny (GAP Pool),10231,0.37851519597380007,0.8967778294238741,0.4264470169189038,0.3224989376406566,0.3565065132477042,0.2322292613502463,0.5560551265760922,0.7657120516078585
snr_10,vit_gap_max_pool,ViT-Tiny (GAP+Max Pool),10231,0.3450096070539892,0.89588760801599,0.40157917463444553,0.28248264893200103,0.3197852455755976,0.18758517322317061,0.5287850649985338,0.7349232724073893
snr_10,resnet34_baseline,ResNet-34 Baseline,10231,0.3918086033431264,0.8472801233714692,0.4220494491321933,0.3833478986503678,0.3570990090326481,0.2958298189047221,0.5269279640308865,0.7380510214055322
snr_10,vit_full_noise_reverb,ViT-Tiny (Full Aug+Noise+Reverb),10231,0.4460326350934243,0.8922303611674112,0.5140641904074347,0.43338896057895826,0.4474291943022064,0.2996488103865161,0.6558498680480891,0.8214250806372788
snr_10,vit_mixup_noise_reverb,ViT-Tiny (Mixup+Noise+Reverb),10231,0.4672519430600589,0.8819217102911803,0.5330912079317455,0.4611332965874355,0.47937569676691494,0.3515632167032274,0.6811650865018082,0.8402893167823282
snr_5,vit_attn_pool,ViT-Tiny (Attention Pool),10231,0.3393748283542211,0.8862387620181932,0.37695274102073695,0.2804243347299207,0.3033016449054666,0.19710973686519637,0.5011240347962076,0.7185025901671391
snr_5,vit_gap_pool,ViT-Tiny (GAP Pool),10231,0.33047411261042603,0.878814008916001,0.37533187798684653,0.2796098622761742,0.30346550109266635,0.19088493989469982,0.4934024044570423,0.7142019352946926
snr_5,vit_gap_max_pool,ViT-Tiny (GAP+Max Pool),10231,0.2953738730754204,0.8753266312555297,0.34132936568178707,0.23455008888490356,0.2669247207773342,0.15106259180898055,0.45870393900889456,0.6707066757892679
snr_5,resnet34_baseline,ResNet-34 Baseline,10231,0.3474761690177223,0.8200616256562054,0.36962106220573393,0.33794136177654477,0.2974860087056414,0.2462918191263846,0.4625158831003812,0.6776463688788975
snr_5,vit_full_noise_reverb,ViT-Tiny (Full Aug+Noise+Reverb),10231,0.4111977280742108,0.8761856531696861,0.4721845662666795,0.40425294723320737,0.40315752500316065,0.2693523692859159,0.6054149154530349,0.7775388525070863
snr_5,vit_mixup_noise_reverb,ViT-Tiny (Mixup+Noise+Reverb),10231,0.4275281545082674,0.8674719557212295,0.48978525523793176,0.42882650295404595,0.42953458025220576,0.30719228942012966,0.6244746359104681,0.7995308376502785
snr_0,vit_attn_pool,ViT-Tiny (Attention Pool),10231,0.2797256637238686,0.8602390672712704,0.3073784528329525,0.22285050824941868,0.24073889365432372,0.14723037954246287,0.4196070765321083,0.6333691721239371
snr_0,vit_gap_pool,ViT-Tiny (GAP Pool),10231,0.2710086453234505,0.8490225595453541,0.3097786462130261,0.226150462575249,0.2403880279190346,0.14476905244962235,0.41471996872251005,0.6374743426839996
snr_0,vit_gap_max_pool,ViT-Tiny (GAP+Max Pool),10231,0.2373064857216518,0.8451630282437026,0.2750263743992095,0.18454696104826446,0.21181172291292352,0.11207126336121143,0.3826605414915453,0.5910468184928159
snr_0,resnet34_baseline,ResNet-34 Baseline,10231,0.2882738200977714,0.7835806689016445,0.30841144670928083,0.28191050800275347,0.2324189885736524,0.1917787020084171,0.3850063532401525,0.6040465252663474
snr_0,vit_full_noise_reverb,ViT-Tiny (Full Aug+Noise+Reverb),10231,0.36427217402302037,0.8504316761525297,0.417115224444586,0.3642833071124643,0.34312530694647886,0.22987590265826185,0.5356270159319715,0.7129312872641971
snr_0,vit_mixup_noise_reverb,ViT-Tiny (Mixup+Noise+Reverb),10231,0.37097506586338425,0.84095552296189,0.4261840585290173,0.37832737026077834,0.35879469958243626,0.2551541795214581,0.5426644511777929,0.7307203596911348
snr_neg5,vit_attn_pool,ViT-Tiny (Attention Pool),10231,0.21227486852389305,0.820974399208572,0.23460903322996862,0.16074305929177002,0.17986965392916546,0.10195976250187781,0.32743622324308475,0.5361157267129313
snr_neg5,vit_gap_pool,ViT-Tiny (GAP Pool),10231,0.20783034998046632,0.805176545761139,0.23860871568214703,0.16665933877095504,0.18140767645034234,0.10198304011798587,0.32880461342977224,0.539927670804418
snr_neg5,vit_gap_max_pool,ViT-Tiny (GAP+Max Pool),10231,0.18017318691227413,0.8037209632554407,0.21115174955504953,0.13393102183237746,0.16175627877563148,0.07782842882056616,0.2999706773531424,0.500146613234288
snr_neg5,resnet34_baseline,ResNet-34 Baseline,10231,0.22509833273823382,0.7365355425038334,0.24427748559976906,0.22140742054358875,0.17100848809280603,0.13403548504442167,0.30984263512853094,0.5151989052878506
snr_neg5,vit_full_noise_reverb,ViT-Tiny (Full Aug+Noise+Reverb),10231,0.3069383848717866,0.8142229053030696,0.35568290823224097,0.31580491975751024,0.27378681924131637,0.18484201735863984,0.4610497507575017,0.6404066073697586
snr_neg5,vit_mixup_noise_reverb,ViT-Tiny (Mixup+Noise+Reverb),10231,0.30367277815757504,0.8009868593918658,0.34936214461432585,0.3175198578080309,0.2800229292060261,0.20037352234466738,0.45450102629264,0.6402111230573746
